{"duration": 0.6873383522033691, "score": -6.873383522033691}