{"duration": 16.664334535598755, "score": -166.64334535598755}