{"duration": 7.407933235168457, "score": -6.092295457486891}