{"duration": 0.5907118320465088, "score": -5.907118320465088}