{"duration": 8.736977100372314, "score": -19.382734109525465}