{"duration": 9.289358615875244, "score": -32.23790993525165}