{"duration": 21.423346757888794, "score": -153.6587806501381}