cluster,slope,variance,peak_year
1,-0.020227757728446788,1.283742119675566,1976
0,-0.015664694888762796,0.7867126224375351,1976
