cluster,slope,variance,peak_year
1,-0.02032287380886733,1.2976989565067187,1976
0,-0.01585477023582251,0.8037534406710135,1976
